-- --------------------------------------------------------
-- Host:                         127.0.0.1
-- Server version:               8.0.30 - MySQL Community Server - GPL
-- Server OS:                    Win64
-- HeidiSQL Version:             12.1.0.6537
-- --------------------------------------------------------

/*!40101 SET @OLD_CHARACTER_SET_CLIENT=@@CHARACTER_SET_CLIENT */;
/*!40101 SET NAMES utf8 */;
/*!50503 SET NAMES utf8mb4 */;
/*!40103 SET @OLD_TIME_ZONE=@@TIME_ZONE */;
/*!40103 SET TIME_ZONE='+00:00' */;
/*!40014 SET @OLD_FOREIGN_KEY_CHECKS=@@FOREIGN_KEY_CHECKS, FOREIGN_KEY_CHECKS=0 */;
/*!40101 SET @OLD_SQL_MODE=@@SQL_MODE, SQL_MODE='NO_AUTO_VALUE_ON_ZERO' */;
/*!40111 SET @OLD_SQL_NOTES=@@SQL_NOTES, SQL_NOTES=0 */;


-- Dumping database structure for perfume_segmentation
DROP DATABASE IF EXISTS `perfume_segmentation`;
CREATE DATABASE IF NOT EXISTS `perfume_segmentation` /*!40100 DEFAULT CHARACTER SET utf8mb4 COLLATE utf8mb4_0900_ai_ci */ /*!80016 DEFAULT ENCRYPTION='N' */;
USE `perfume_segmentation`;

-- Dumping structure for table perfume_segmentation.clusters
DROP TABLE IF EXISTS `clusters`;
CREATE TABLE IF NOT EXISTS `clusters` (
  `id` int NOT NULL AUTO_INCREMENT,
  `label` varchar(80) NOT NULL,
  `age` float DEFAULT NULL,
  `perfume_id` float DEFAULT NULL,
  `gender` float DEFAULT NULL,
  `profession_id` float DEFAULT NULL,
  PRIMARY KEY (`id`),
  UNIQUE KEY `label` (`label`)
) ENGINE=InnoDB AUTO_INCREMENT=16 DEFAULT CHARSET=utf8mb4 COLLATE=utf8mb4_0900_ai_ci;

-- Dumping data for table perfume_segmentation.clusters: ~5 rows (approximately)
INSERT INTO `clusters` (`id`, `label`, `age`, `perfume_id`, `gender`, `profession_id`) VALUES
	(11, 'Age 50', 50.44, 1, 0, 0),
	(12, 'Age 57', 57.4762, 1, 0, 2),
	(13, 'Age 19', 18.883, 0, 0, 3),
	(14, 'Age 41', 41.0303, 1, 1, 1),
	(15, 'Age 29', 29.4091, 0, 0, 1);

-- Dumping structure for table perfume_segmentation.perfumes
DROP TABLE IF EXISTS `perfumes`;
CREATE TABLE IF NOT EXISTS `perfumes` (
  `id` int NOT NULL AUTO_INCREMENT,
  `name` varchar(80) NOT NULL,
  PRIMARY KEY (`id`),
  UNIQUE KEY `name` (`name`)
) ENGINE=InnoDB AUTO_INCREMENT=5 DEFAULT CHARSET=utf8mb4 COLLATE=utf8mb4_0900_ai_ci;

-- Dumping data for table perfume_segmentation.perfumes: ~5 rows (approximately)
INSERT INTO `perfumes` (`id`, `name`) VALUES
	(3, 'Avril'),
	(0, 'Bacarat'),
	(1, 'D&G'),
	(4, 'Makkah Madinah'),
	(2, 'Paris Hilton');

-- Dumping structure for table perfume_segmentation.professions
DROP TABLE IF EXISTS `professions`;
CREATE TABLE IF NOT EXISTS `professions` (
  `id` int NOT NULL AUTO_INCREMENT,
  `name` varchar(80) NOT NULL,
  PRIMARY KEY (`id`),
  UNIQUE KEY `name` (`name`)
) ENGINE=InnoDB AUTO_INCREMENT=6 DEFAULT CHARSET=utf8mb4 COLLATE=utf8mb4_0900_ai_ci;

-- Dumping data for table perfume_segmentation.professions: ~6 rows (approximately)
INSERT INTO `professions` (`id`, `name`) VALUES
	(5, 'Freelancer\r\n'),
	(0, 'Ibu Rumah Tangga'),
	(2, 'Karyawan'),
	(4, 'Mahasiswa'),
	(1, 'Pegawai Negeri'),
	(3, 'Pelajar');

-- Dumping structure for table perfume_segmentation.results
DROP TABLE IF EXISTS `results`;
CREATE TABLE IF NOT EXISTS `results` (
  `id` int NOT NULL AUTO_INCREMENT,
  `cluster_id` int NOT NULL,
  `sales_id` int NOT NULL,
  PRIMARY KEY (`id`),
  KEY `cluster_id` (`cluster_id`),
  KEY `sales_id` (`sales_id`),
  CONSTRAINT `results_ibfk_1` FOREIGN KEY (`cluster_id`) REFERENCES `clusters` (`id`),
  CONSTRAINT `results_ibfk_2` FOREIGN KEY (`sales_id`) REFERENCES `sales` (`id`)
) ENGINE=InnoDB AUTO_INCREMENT=652 DEFAULT CHARSET=utf8mb4 COLLATE=utf8mb4_0900_ai_ci;

-- Dumping data for table perfume_segmentation.results: ~217 rows (approximately)
INSERT INTO `results` (`id`, `cluster_id`, `sales_id`) VALUES
	(435, 11, 1),
	(436, 11, 2),
	(437, 15, 3),
	(438, 14, 4),
	(439, 11, 5),
	(440, 11, 6),
	(441, 12, 7),
	(442, 13, 8),
	(443, 13, 9),
	(444, 12, 10),
	(445, 14, 11),
	(446, 13, 12),
	(447, 14, 13),
	(448, 15, 14),
	(449, 13, 15),
	(450, 15, 16),
	(451, 13, 17),
	(452, 13, 18),
	(453, 13, 19),
	(454, 14, 20),
	(455, 13, 21),
	(456, 14, 22),
	(457, 14, 23),
	(458, 15, 24),
	(459, 14, 25),
	(460, 13, 26),
	(461, 13, 27),
	(462, 14, 28),
	(463, 13, 29),
	(464, 13, 30),
	(465, 15, 31),
	(466, 13, 32),
	(467, 15, 33),
	(468, 12, 34),
	(469, 13, 35),
	(470, 12, 36),
	(471, 13, 37),
	(472, 13, 38),
	(473, 13, 39),
	(474, 15, 40),
	(475, 13, 41),
	(476, 13, 42),
	(477, 13, 43),
	(478, 15, 44),
	(479, 13, 45),
	(480, 13, 46),
	(481, 12, 47),
	(482, 13, 48),
	(483, 13, 49),
	(484, 13, 50),
	(485, 14, 51),
	(486, 12, 52),
	(487, 15, 53),
	(488, 14, 54),
	(489, 15, 55),
	(490, 11, 56),
	(491, 11, 57),
	(492, 13, 58),
	(493, 13, 59),
	(494, 15, 60),
	(495, 13, 61),
	(496, 13, 62),
	(497, 11, 63),
	(498, 13, 64),
	(499, 15, 65),
	(500, 11, 66),
	(501, 12, 67),
	(502, 14, 68),
	(503, 13, 69),
	(504, 13, 70),
	(505, 15, 71),
	(506, 13, 72),
	(507, 13, 73),
	(508, 15, 74),
	(509, 12, 75),
	(510, 15, 76),
	(511, 13, 77),
	(512, 12, 78),
	(513, 15, 79),
	(514, 13, 80),
	(515, 13, 81),
	(516, 13, 82),
	(517, 11, 83),
	(518, 13, 84),
	(519, 13, 85),
	(520, 11, 86),
	(521, 14, 87),
	(522, 12, 88),
	(523, 14, 89),
	(524, 13, 90),
	(525, 11, 91),
	(526, 13, 92),
	(527, 14, 93),
	(528, 15, 94),
	(529, 14, 95),
	(530, 13, 96),
	(531, 13, 97),
	(532, 14, 98),
	(533, 14, 99),
	(534, 12, 100),
	(535, 14, 101),
	(536, 12, 102),
	(537, 13, 103),
	(538, 14, 104),
	(539, 13, 105),
	(540, 11, 106),
	(541, 12, 107),
	(542, 15, 108),
	(543, 11, 109),
	(544, 11, 110),
	(545, 14, 111),
	(546, 13, 112),
	(547, 14, 113),
	(548, 11, 114),
	(549, 13, 115),
	(550, 15, 116),
	(551, 15, 117),
	(552, 13, 118),
	(553, 15, 119),
	(554, 14, 120),
	(555, 13, 121),
	(556, 13, 122),
	(557, 13, 123),
	(558, 13, 124),
	(559, 12, 125),
	(560, 14, 126),
	(561, 14, 127),
	(562, 13, 128),
	(563, 13, 129),
	(564, 15, 130),
	(565, 15, 131),
	(566, 13, 132),
	(567, 15, 133),
	(568, 13, 134),
	(569, 13, 135),
	(570, 14, 136),
	(571, 13, 137),
	(572, 11, 138),
	(573, 12, 139),
	(574, 15, 140),
	(575, 11, 141),
	(576, 13, 142),
	(577, 11, 143),
	(578, 15, 144),
	(579, 13, 145),
	(580, 15, 146),
	(581, 13, 147),
	(582, 11, 148),
	(583, 11, 149),
	(584, 13, 150),
	(585, 13, 151),
	(586, 14, 152),
	(587, 15, 153),
	(588, 12, 154),
	(589, 15, 155),
	(590, 13, 156),
	(591, 13, 157),
	(592, 15, 158),
	(593, 15, 159),
	(594, 15, 160),
	(595, 14, 161),
	(596, 13, 162),
	(597, 13, 163),
	(598, 15, 164),
	(599, 12, 165),
	(600, 13, 166),
	(601, 13, 167),
	(602, 14, 168),
	(603, 11, 169),
	(604, 13, 170),
	(605, 13, 171),
	(606, 13, 172),
	(607, 13, 173),
	(608, 14, 174),
	(609, 14, 175),
	(610, 12, 176),
	(611, 14, 177),
	(612, 15, 178),
	(613, 13, 179),
	(614, 15, 180),
	(615, 15, 181),
	(616, 13, 182),
	(617, 15, 183),
	(618, 13, 184),
	(619, 13, 185),
	(620, 13, 186),
	(621, 13, 187),
	(622, 15, 188),
	(623, 15, 189),
	(624, 13, 190),
	(625, 14, 191),
	(626, 15, 192),
	(627, 11, 193),
	(628, 11, 194),
	(629, 13, 195),
	(630, 13, 196),
	(631, 13, 197),
	(632, 13, 198),
	(633, 13, 199),
	(634, 15, 200),
	(635, 13, 201),
	(636, 13, 202),
	(637, 15, 203),
	(638, 13, 204),
	(639, 12, 205),
	(640, 11, 206),
	(641, 13, 207),
	(642, 15, 208),
	(643, 15, 209),
	(644, 13, 210),
	(645, 11, 211),
	(646, 13, 212),
	(647, 12, 213),
	(648, 13, 214),
	(649, 12, 215),
	(650, 14, 216),
	(651, 13, 217);

-- Dumping structure for table perfume_segmentation.sales
DROP TABLE IF EXISTS `sales`;
CREATE TABLE IF NOT EXISTS `sales` (
  `id` int NOT NULL AUTO_INCREMENT,
  `perfume_id` int NOT NULL,
  `profession_id` int NOT NULL,
  `age` int NOT NULL,
  `gender` int NOT NULL,
  `createdAt` datetime DEFAULT NULL,
  PRIMARY KEY (`id`),
  KEY `perfume_id` (`perfume_id`),
  KEY `profession_id` (`profession_id`),
  CONSTRAINT `sales_ibfk_1` FOREIGN KEY (`perfume_id`) REFERENCES `perfumes` (`id`),
  CONSTRAINT `sales_ibfk_2` FOREIGN KEY (`profession_id`) REFERENCES `professions` (`id`)
) ENGINE=InnoDB AUTO_INCREMENT=220 DEFAULT CHARSET=utf8mb4 COLLATE=utf8mb4_0900_ai_ci;

-- Dumping data for table perfume_segmentation.sales: ~217 rows (approximately)
INSERT INTO `sales` (`id`, `perfume_id`, `profession_id`, `age`, `gender`, `createdAt`) VALUES
	(1, 0, 0, 54, 0, '2025-02-17 03:42:25'),
	(2, 1, 0, 49, 0, '2025-02-17 03:42:25'),
	(3, 2, 1, 26, 0, '2025-02-17 03:51:51'),
	(4, 1, 2, 40, 0, '2025-02-17 03:56:46'),
	(5, 0, 2, 52, 0, '2025-02-17 03:56:46'),
	(6, 0, 0, 51, 0, '2025-02-17 03:56:46'),
	(7, 0, 2, 57, 1, '2025-02-17 04:04:08'),
	(8, 1, 3, 16, 1, '2025-02-17 04:04:08'),
	(9, 3, 4, 20, 1, '2025-02-17 04:04:08'),
	(10, 1, 5, 56, 0, '2025-02-17 05:29:23'),
	(11, 1, 1, 42, 1, '2025-02-17 05:37:21'),
	(12, 3, 3, 14, 1, '2025-02-17 05:37:21'),
	(13, 1, 0, 44, 0, '2025-02-17 05:37:21'),
	(14, 1, 4, 26, 1, '2025-02-17 05:37:21'),
	(15, 0, 5, 20, 1, '2025-02-17 05:37:21'),
	(16, 3, 0, 31, 0, '2025-02-17 07:14:05'),
	(17, 1, 4, 23, 1, '2025-02-17 07:14:05'),
	(18, 3, 3, 15, 0, '2025-02-17 07:14:05'),
	(19, 0, 4, 23, 1, '2025-02-17 07:14:05'),
	(20, 1, 2, 44, 1, '2025-02-17 07:14:05'),
	(21, 0, 3, 15, 0, '2025-02-21 16:28:09'),
	(22, 0, 1, 36, 1, '2025-02-21 16:30:05'),
	(23, 2, 0, 39, 0, '2025-02-21 16:38:19'),
	(24, 1, 2, 32, 0, '2025-02-21 16:38:19'),
	(25, 4, 1, 41, 0, '2025-02-21 16:38:19'),
	(26, 2, 4, 21, 0, '2025-02-21 16:38:19'),
	(27, 1, 2, 22, 1, '2025-02-21 16:38:19'),
	(28, 1, 1, 45, 1, '2025-02-21 16:38:19'),
	(29, 0, 3, 16, 0, '2025-02-21 16:38:19'),
	(30, 0, 4, 21, 1, '2025-02-21 16:38:19'),
	(31, 0, 1, 28, 1, '2025-02-21 16:38:19'),
	(32, 0, 4, 24, 1, '2025-02-21 16:38:19'),
	(33, 3, 1, 29, 1, '2025-02-21 16:38:19'),
	(34, 4, 0, 56, 0, '2025-02-21 16:38:19'),
	(35, 2, 3, 19, 1, '2025-02-21 16:38:19'),
	(36, 3, 2, 56, 0, '2025-02-21 16:38:19'),
	(37, 0, 1, 17, 1, '2025-02-21 16:38:19'),
	(38, 0, 4, 21, 1, '2025-02-21 16:38:19'),
	(39, 0, 3, 17, 0, '2025-02-21 16:38:19'),
	(40, 3, 2, 27, 0, '2025-02-21 16:38:19'),
	(41, 0, 4, 23, 0, '2025-02-21 16:38:19'),
	(42, 1, 3, 14, 0, '2025-02-21 16:38:19'),
	(43, 1, 4, 24, 1, '2025-02-21 16:38:19'),
	(44, 2, 5, 30, 0, '2025-02-21 16:38:19'),
	(45, 1, 5, 23, 0, '2025-02-21 16:38:19'),
	(46, 1, 3, 15, 1, '2025-02-21 16:38:19'),
	(47, 1, 2, 57, 1, '2025-02-21 16:38:19'),
	(48, 2, 2, 22, 0, '2025-02-21 16:38:19'),
	(49, 0, 4, 21, 0, '2025-02-21 16:38:19'),
	(50, 2, 3, 18, 0, '2025-02-21 16:38:19'),
	(51, 2, 1, 44, 0, '2025-02-21 16:38:19'),
	(52, 1, 5, 59, 0, '2025-02-21 16:38:19'),
	(53, 2, 2, 31, 0, '2025-02-21 16:38:19'),
	(54, 4, 5, 38, 0, '2025-02-21 16:38:19'),
	(55, 0, 1, 25, 1, '2025-02-21 16:38:19'),
	(56, 0, 1, 53, 0, '2025-02-21 16:38:19'),
	(57, 1, 0, 53, 0, '2025-02-21 16:38:19'),
	(58, 0, 4, 20, 1, '2025-02-21 16:38:19'),
	(59, 1, 4, 22, 1, '2025-02-21 16:38:19'),
	(60, 2, 4, 25, 0, '2025-02-21 16:38:19'),
	(61, 4, 3, 14, 0, '2025-02-21 16:38:19'),
	(62, 0, 2, 21, 0, '2025-02-21 16:38:19'),
	(63, 3, 2, 52, 0, '2025-02-21 16:38:19'),
	(64, 0, 0, 16, 0, '2025-02-21 16:38:19'),
	(65, 0, 5, 34, 0, '2025-02-21 16:38:19'),
	(66, 0, 0, 51, 0, '2025-02-21 16:38:19'),
	(67, 1, 0, 58, 0, '2025-02-21 16:38:19'),
	(68, 1, 1, 39, 1, '2025-02-21 16:38:19'),
	(69, 2, 4, 20, 0, '2025-02-21 16:38:19'),
	(70, 2, 3, 19, 0, '2025-02-21 16:38:19'),
	(71, 1, 2, 27, 1, '2025-02-21 16:38:19'),
	(72, 4, 3, 19, 0, '2025-02-21 16:38:19'),
	(73, 0, 4, 22, 1, '2025-02-21 16:38:19'),
	(74, 2, 4, 25, 1, '2025-02-21 16:38:19'),
	(75, 0, 2, 55, 0, '2025-02-21 16:38:19'),
	(76, 2, 1, 30, 1, '2025-02-21 16:38:19'),
	(77, 4, 5, 21, 1, '2025-02-21 16:38:19'),
	(78, 3, 0, 59, 0, '2025-02-21 16:38:19'),
	(79, 2, 1, 34, 0, '2025-02-21 16:38:19'),
	(80, 1, 4, 24, 0, '2025-02-21 16:38:19'),
	(81, 3, 4, 23, 1, '2025-02-21 16:38:19'),
	(82, 2, 1, 22, 0, '2025-02-21 16:38:19'),
	(83, 3, 0, 51, 0, '2025-02-21 16:38:19'),
	(84, 0, 0, 17, 0, '2025-02-21 16:38:19'),
	(85, 2, 4, 21, 0, '2025-02-21 16:38:19'),
	(86, 1, 5, 49, 0, '2025-02-21 16:38:19'),
	(87, 4, 0, 42, 0, '2025-02-21 16:38:19'),
	(88, 3, 0, 57, 0, '2025-02-21 16:38:19'),
	(89, 1, 2, 38, 1, '2025-02-21 16:38:19'),
	(90, 1, 5, 19, 1, '2025-02-21 16:38:19'),
	(91, 1, 2, 47, 0, '2025-02-21 16:38:19'),
	(92, 0, 3, 16, 0, '2025-02-21 16:38:19'),
	(93, 0, 1, 36, 1, '2025-02-21 16:38:19'),
	(94, 3, 4, 25, 0, '2025-02-21 16:38:19'),
	(95, 1, 0, 41, 0, '2025-02-21 16:38:19'),
	(96, 2, 3, 16, 0, '2025-02-21 16:38:19'),
	(97, 4, 2, 21, 0, '2025-02-21 16:38:19'),
	(98, 3, 0, 42, 0, '2025-02-21 16:38:19'),
	(99, 4, 1, 38, 0, '2025-02-21 16:38:19'),
	(100, 0, 2, 55, 1, '2025-02-21 16:38:19'),
	(101, 1, 5, 44, 1, '2025-02-21 16:50:13'),
	(102, 0, 5, 60, 1, '2025-02-21 16:50:13'),
	(103, 0, 4, 24, 0, '2025-02-21 16:50:13'),
	(104, 3, 0, 42, 0, '2025-02-21 16:50:13'),
	(105, 2, 3, 16, 1, '2025-02-21 16:50:13'),
	(106, 0, 4, 48, 0, '2025-02-21 16:50:13'),
	(107, 1, 0, 56, 0, '2025-02-21 16:50:13'),
	(108, 3, 0, 32, 0, '2025-02-21 16:50:13'),
	(109, 3, 0, 54, 0, '2025-02-21 16:50:13'),
	(110, 4, 0, 49, 0, '2025-02-21 16:50:13'),
	(111, 0, 0, 45, 0, '2025-02-21 16:50:13'),
	(112, 2, 4, 24, 0, '2025-02-21 16:50:13'),
	(113, 3, 1, 42, 0, '2025-02-21 16:50:13'),
	(114, 1, 1, 52, 0, '2025-02-21 16:50:13'),
	(115, 4, 4, 22, 1, '2025-02-21 16:50:13'),
	(116, 0, 5, 35, 1, '2025-02-21 16:50:13'),
	(117, 2, 1, 30, 0, '2025-02-21 16:50:13'),
	(118, 0, 3, 19, 1, '2025-02-21 16:50:13'),
	(119, 0, 3, 32, 0, '2025-02-21 16:50:13'),
	(120, 1, 5, 43, 1, '2025-02-21 16:50:13'),
	(121, 0, 4, 20, 1, '2025-02-21 16:50:13'),
	(122, 3, 3, 17, 0, '2025-02-21 16:50:13'),
	(123, 0, 4, 21, 0, '2025-02-21 16:50:13'),
	(124, 3, 3, 14, 0, '2025-02-21 16:50:13'),
	(125, 1, 2, 57, 1, '2025-02-21 16:50:13'),
	(126, 2, 5, 39, 1, '2025-02-21 16:50:13'),
	(127, 1, 5, 36, 1, '2025-02-21 16:50:13'),
	(128, 4, 5, 16, 1, '2025-02-21 16:50:13'),
	(129, 0, 4, 22, 0, '2025-02-21 16:50:13'),
	(130, 0, 0, 35, 0, '2025-02-21 16:50:13'),
	(131, 2, 5, 26, 1, '2025-02-21 16:50:13'),
	(132, 1, 3, 16, 1, '2025-02-21 16:50:13'),
	(133, 0, 2, 28, 1, '2025-02-21 16:50:13'),
	(134, 4, 4, 22, 1, '2025-02-21 16:50:13'),
	(135, 1, 3, 15, 0, '2025-02-21 16:50:13'),
	(136, 3, 0, 36, 0, '2025-02-21 16:50:13'),
	(137, 1, 3, 15, 0, '2025-02-21 16:50:13'),
	(138, 0, 5, 53, 0, '2025-02-21 16:50:13'),
	(139, 0, 2, 59, 1, '2025-02-21 16:50:13'),
	(140, 1, 5, 32, 0, '2025-02-21 16:50:13'),
	(141, 3, 1, 50, 1, '2025-02-21 16:50:13'),
	(142, 3, 5, 15, 0, '2025-02-21 16:50:13'),
	(143, 2, 1, 48, 0, '2025-02-21 16:50:13'),
	(144, 0, 5, 27, 0, '2025-02-21 16:50:13'),
	(145, 3, 2, 20, 1, '2025-02-21 16:50:13'),
	(146, 1, 2, 30, 0, '2025-02-21 16:50:13'),
	(147, 3, 4, 21, 1, '2025-02-21 16:50:13'),
	(148, 0, 5, 46, 0, '2025-02-21 16:50:13'),
	(149, 1, 1, 50, 0, '2025-02-21 16:50:13'),
	(150, 2, 4, 20, 1, '2025-02-21 16:50:13'),
	(151, 4, 3, 19, 0, '2025-02-21 16:50:13'),
	(152, 0, 2, 45, 1, '2025-02-21 16:50:13'),
	(153, 3, 4, 25, 0, '2025-02-21 16:50:13'),
	(154, 3, 2, 60, 0, '2025-02-21 16:50:13'),
	(155, 1, 4, 26, 1, '2025-02-21 16:50:13'),
	(156, 1, 3, 16, 0, '2025-02-21 16:50:13'),
	(157, 2, 3, 16, 0, '2025-02-21 16:50:13'),
	(158, 3, 0, 29, 0, '2025-02-21 16:50:13'),
	(159, 1, 1, 33, 1, '2025-02-21 16:50:13'),
	(160, 1, 0, 29, 0, '2025-02-21 16:50:13'),
	(161, 1, 1, 40, 1, '2025-02-21 16:50:13'),
	(162, 0, 3, 19, 1, '2025-02-21 16:50:13'),
	(163, 1, 4, 20, 1, '2025-02-21 16:50:13'),
	(164, 4, 5, 34, 1, '2025-02-21 16:50:13'),
	(165, 0, 2, 57, 0, '2025-02-21 16:50:13'),
	(166, 1, 3, 13, 1, '2025-02-21 16:50:13'),
	(167, 1, 3, 18, 1, '2025-02-21 16:50:13'),
	(168, 0, 4, 45, 1, '2025-02-21 16:50:13'),
	(169, 1, 5, 50, 1, '2025-02-21 16:50:13'),
	(170, 1, 3, 18, 1, '2025-02-21 16:50:13'),
	(171, 4, 3, 17, 1, '2025-02-21 16:50:13'),
	(172, 3, 4, 22, 1, '2025-02-21 16:50:13'),
	(173, 3, 3, 16, 0, '2025-02-21 16:50:13'),
	(174, 0, 1, 36, 1, '2025-02-21 16:50:13'),
	(175, 0, 1, 37, 1, '2025-02-21 16:50:13'),
	(176, 1, 5, 59, 0, '2025-02-21 16:50:13'),
	(177, 1, 1, 44, 1, '2025-02-21 16:50:13'),
	(178, 3, 1, 32, 1, '2025-02-21 16:50:13'),
	(179, 3, 3, 14, 0, '2025-02-21 16:50:13'),
	(180, 3, 2, 31, 1, '2025-02-21 16:50:13'),
	(181, 0, 1, 29, 1, '2025-02-21 16:50:13'),
	(182, 0, 5, 22, 1, '2025-02-21 16:50:13'),
	(183, 4, 1, 27, 1, '2025-02-21 16:50:13'),
	(184, 1, 3, 15, 1, '2025-02-21 16:50:13'),
	(185, 3, 0, 22, 0, '2025-02-21 16:50:13'),
	(186, 2, 3, 19, 1, '2025-02-21 16:50:13'),
	(187, 0, 4, 23, 0, '2025-02-21 16:50:13'),
	(188, 1, 5, 26, 1, '2025-02-21 16:50:13'),
	(189, 1, 1, 27, 1, '2025-02-21 16:50:13'),
	(190, 3, 4, 24, 0, '2025-02-21 16:50:13'),
	(191, 3, 1, 45, 1, '2025-02-21 16:50:13'),
	(192, 2, 0, 32, 0, '2025-02-21 16:50:13'),
	(193, 1, 2, 52, 0, '2025-02-21 16:50:13'),
	(194, 4, 0, 48, 2, '2025-02-21 16:50:13'),
	(195, 3, 3, 13, 1, '2025-02-21 16:50:13'),
	(196, 0, 3, 13, 0, '2025-02-21 16:50:13'),
	(197, 3, 4, 21, 0, '2025-02-21 16:50:13'),
	(198, 1, 4, 23, 0, '2025-02-21 16:50:13'),
	(199, 4, 3, 13, 1, '2025-02-21 16:50:13'),
	(200, 0, 5, 29, 0, '2025-02-21 16:50:13'),
	(201, 4, 3, 18, 1, '2025-02-21 16:50:13'),
	(202, 4, 3, 16, 1, '2025-02-21 16:50:13'),
	(203, 0, 1, 34, 0, '2025-02-21 16:50:13'),
	(204, 1, 0, 15, 0, '2025-02-21 16:50:13'),
	(205, 3, 5, 60, 1, '2025-02-21 16:50:13'),
	(206, 1, 1, 49, 1, '2025-02-21 16:50:13'),
	(207, 3, 2, 24, 0, '2025-02-21 16:50:13'),
	(208, 1, 5, 32, 0, '2025-02-21 16:50:13'),
	(209, 2, 1, 27, 0, '2025-02-21 16:50:13'),
	(210, 4, 3, 18, 1, '2025-02-21 16:50:13'),
	(211, 2, 1, 50, 0, '2025-02-21 16:50:13'),
	(212, 0, 4, 23, 0, '2025-02-21 16:50:13'),
	(213, 3, 5, 59, 1, '2025-02-21 16:50:13'),
	(214, 3, 3, 14, 1, '2025-02-21 16:50:13'),
	(215, 4, 0, 55, 0, '2025-02-21 16:50:13'),
	(216, 4, 1, 46, 1, '2025-02-21 16:50:13'),
	(217, 3, 3, 15, 1, '2025-02-21 16:50:13');

-- Dumping structure for table perfume_segmentation.users
DROP TABLE IF EXISTS `users`;
CREATE TABLE IF NOT EXISTS `users` (
  `id` int NOT NULL AUTO_INCREMENT,
  `username` varchar(64) DEFAULT NULL,
  `email` varchar(64) DEFAULT NULL,
  `password` blob,
  `role` varchar(50) DEFAULT NULL,
  PRIMARY KEY (`id`),
  UNIQUE KEY `username` (`username`),
  UNIQUE KEY `email` (`email`)
) ENGINE=InnoDB AUTO_INCREMENT=16 DEFAULT CHARSET=utf8mb4 COLLATE=utf8mb4_0900_ai_ci;

-- Dumping data for table perfume_segmentation.users: ~2 rows (approximately)
INSERT INTO `users` (`id`, `username`, `email`, `password`, `role`) VALUES
	(1, 'admin', 'admin@gmail.com', _binary 0x623938656464373534613435356630323663393336396531376266303035633534303139333831653966323935653031643963333133326562356363373836636437313165383663626366653130353765623763373536656265303832373437616638616263653936626366373466356363353765333630343034343934363831333934636435623536356335336430316563653461346664613138623634633537653631323739313131303837623333633538306632663135626531306464, 'admin'),
	(15, 'user', 'user@gmail.com', _binary 0x623731623730313331376461333534353964656230303533376439353533306335396233636337643439663730383633393430376363613666323366316337373231386430373130333766333564646163643631353063333761306439613435363161313530393734636435613239653731343730306137626439373135646466303732366164633864373333663966396563356561653965343866363035613961336436323637316536313335343436336364623930393866376563626662, 'karyawan');

/*!40103 SET TIME_ZONE=IFNULL(@OLD_TIME_ZONE, 'system') */;
/*!40101 SET SQL_MODE=IFNULL(@OLD_SQL_MODE, '') */;
/*!40014 SET FOREIGN_KEY_CHECKS=IFNULL(@OLD_FOREIGN_KEY_CHECKS, 1) */;
/*!40101 SET CHARACTER_SET_CLIENT=@OLD_CHARACTER_SET_CLIENT */;
/*!40111 SET SQL_NOTES=IFNULL(@OLD_SQL_NOTES, 1) */;
